<?xml version="1.0" encoding="UTF-8"?>
<project-private xmlns="http://www.netbeans.org/ns/project-private/1">
    <editor-bookmarks xmlns="http://www.netbeans.org/ns/editor-bookmarks/2" lastBookmarkId="0"/>
    <open-files xmlns="http://www.netbeans.org/ns/projectui-open-files/2">
        <group>
            <file>file:/Users/bankcom/MyDeveloper/WebPrograming/IsPrimeNumber/web/resource/ViewProductDetail.jsp</file>
            <file>file:/Users/bankcom/MyDeveloper/WebPrograming/IsPrimeNumber/src/java/jpa/Model/Controller/CustomerJpaController.java</file>
            <file>file:/Users/bankcom/MyDeveloper/WebPrograming/IsPrimeNumber/src/java/Controller/getProductServlet.java</file>
            <file>file:/Users/bankcom/MyDeveloper/WebPrograming/IsPrimeNumber/web/resource/ProductList.jsp</file>
            <file>file:/Users/bankcom/MyDeveloper/WebPrograming/IsPrimeNumber/src/java/Controller/ProductList.java</file>
        </group>
    </open-files>
</project-private>
